id,Gender,Age,Height,Weight
1,female,21,1.62,64
2,female,21,1.52,56
3,male,23,1.8,77
4,male,27,1.8,87
5,male,22,1.78,90
6,male,29,1.62,53
7,female,23,1.5,55
8,male,22,1.64,53
9,male,24,1.78,64
10,male,22,1.72,68
11,male,26,1.85,105
12,female,21,1.72,80
13,male,22,1.65,56
14,male,41,1.8,99
15,male,23,1.77,60
16,female,22,1.7,66
17,male,27,1.93,102
18,female,29,1.53,78
19,female,30,1.71,82
20,female,23,1.65,70
21,male,22,1.65,80
22,female,52,1.69,87
23,female,22,1.65,60
24,female,22,1.6,82
25,male,21,1.85,68
26,male,20,1.6,50
27,male,21,1.7,65
28,female,23,1.6,52
29,male,19,1.75,76
30,male,23,1.68,70
31,male,29,1.77,83
32,female,31,1.58,68
33,female,24,1.77,76
34,male,39,1.79,90
35,male,22,1.65,62
36,female,21,1.5,65
37,female,22,1.56,49
38,female,21,1.6,48
39,male,23,1.65,67
40,female,21,1.75,88
41,female,21,1.67,75
42,male,23,1.68,60
43,female,21,1.66,64
44,male,21,1.66,62
45,male,21,1.81,80
46,female,21,1.53,65
47,male,21,1.82,72
48,male,21,1.75,72
49,female,20,1.66,60
50,female,21,1.55,50
51,female,21,1.61,55
52,female,20,1.5,44
53,female,23,1.64,52
54,female,23,1.63,55
55,female,22,1.6,55
56,male,23,1.68,62
57,male,22,1.7,70
58,male,21,1.64,65
59,female,17,1.65,67
60,male,20,1.76,55
61,female,21,1.55,49
62,male,20,1.65,58
63,male,22,1.67,62
64,male,22,1.68,55
65,female,21,1.66,57
66,female,21,1.62,69
67,male,23,1.8,90
68,male,23,1.65,95
69,male,30,1.76,112
70,male,23,1.8,60
71,female,23,1.65,80
72,female,22,1.67,50
73,female,24,1.65,60
74,male,19,1.85,65
75,male,24,1.7,85
76,female,23,1.63,45
77,female,24,1.6,45
78,female,24,1.7,80
79,female,23,1.65,90
80,male,23,1.65,60
81,female,19,1.63,58
82,male,30,1.8,91
83,male,23,1.67,86
84,female,19,1.6,45
85,male,25,1.7,83
86,male,23,1.65,59
87,male,21,1.85,83
88,male,19,1.82,87
89,female,22,1.65,65
90,female,29,1.7,78
91,female,25,1.63,93
92,female,20,1.61,64
93,male,55,1.78,84
94,female,20,1.6,57
95,female,24,1.6,48
96,male,26,1.7,70
97,female,23,1.66,60
98,female,21,1.52,42
99,female,21,1.52,42
100,male,23,1.72,70
101,female,21,1.69,63
102,male,22,1.7,66
103,female,21,1.55,57
104,female,22,1.65,58
105,female,38,1.56,80
106,female,25,1.57,55
107,female,25,1.57,55
108,male,22,1.88,90
109,male,22,1.75,95
110,female,21,1.65,88
111,male,21,1.75,75
112,female,22,1.58,58
113,female,18,1.56,51
114,female,22,1.5,49
115,female,19,1.61,62
116,female,17,1.75,57
117,female,15,1.65,86
118,female,17,1.7,85
119,male,23,1.62,53
120,female,19,1.63,76
121,female,23,1.67,75
122,male,23,1.87,95
123,male,21,1.75,50
124,male,24,1.66,67
125,male,23,1.76,90
126,male,18,1.75,80
127,male,19,1.67,68
128,female,19,1.65,61
129,male,20,1.72,70
130,male,27,1.7,78
131,female,20,1.58,53
132,male,23,1.62,58
133,female,19,1.65,56
134,female,61,1.65,66
135,male,30,1.77,109
136,male,24,1.7,75
137,male,25,1.79,72
138,male,44,1.6,80
139,male,31,1.76,75
140,male,25,1.7,68
141,male,23,1.89,65
142,male,25,1.87,66
143,male,23,1.74,94
144,female,34,1.68,75
145,male,22,1.61,67
146,male,21,1.62,70
147,female,24,1.56,51
148,female,36,1.63,80
149,female,27,1.6,61
150,female,32,1.67,90
151,male,25,1.78,78
152,female,30,1.62,59
153,female,38,1.5,60
154,male,34,1.69,84
155,male,22,1.74,94
156,female,31,1.68,63
157,female,35,1.53,45
158,male,21,1.67,60
159,female,40,1.55,62
160,male,27,1.64,78
161,male,20,1.83,72
162,male,55,1.65,80
163,female,21,1.63,60
164,male,25,1.89,75
165,male,35,1.77,85
166,male,30,1.92,130
167,female,29,1.74,72
168,male,20,1.65,80
169,female,22,1.73,79
170,female,45,1.63,77
171,male,22,1.72,82
172,male,18,1.6,58
173,female,23,1.65,59
174,male,18,1.74,64
175,male,21,1.62,70
176,female,38,1.64,60
177,female,18,1.57,48
178,male,22,1.84,84
179,male,26,1.91,84
180,male,21,1.62,70
181,female,18,1.58,48
182,female,23,1.68,67
183,female,22,1.68,52
184,female,23,1.48,60
185,male,21,1.62,70
186,female,31,1.62,68
187,male,39,1.78,96
188,male,25,1.78,98
189,male,35,1.78,105
190,female,33,1.63,62
191,male,20,1.6,56
192,male,26,1.75,80
193,male,20,1.83,85
194,male,20,1.78,68
195,female,23,1.6,83
196,male,19,1.8,85
197,male,22,1.75,74
198,male,41,1.75,118
199,female,18,1.59,40
200,female,23,1.66,60
201,female,23,1.63,83
202,female,41,1.54,80
203,female,26,1.56,102
204,male,29,1.69,90
205,male,27,1.83,71
206,female,23,1.6,78
207,male,19,1.75,100
208,male,30,1.75,73
209,female,22,1.69,65
210,female,22,1.69,65
211,male,20,1.8,114
212,female,21,1.63,51
213,female,24,1.5,63
214,male,21,1.8,62
215,male,21,1.65,53
216,male,21,1.68,70
217,female,23,1.6,63
218,male,21,1.71,75
219,female,21,1.5,42
220,female,21,1.6,68
221,female,21,1.75,78
222,male,23,1.72,82
223,female,21,1.72,67
224,female,22,1.61,63
225,female,23,1.63,82
226,male,25,1.83,121
227,female,20,1.6,50
228,female,24,1.62,58
229,female,40,1.68,80
230,male,32,1.75,120
231,male,20,1.9,91
232,female,21,1.63,66
233,female,51,1.59,50
234,female,34,1.68,77
235,female,19,1.59,49
236,female,19,1.69,70
237,female,21,1.66,59
238,female,19,1.64,53
239,female,20,1.62,53
240,female,19,1.7,64
241,female,17,1.63,65
242,male,22,1.6,66
243,female,20,1.63,64
244,male,33,1.85,99
245,female,21,1.54,49
246,female,20,1.64,49
247,female,20,1.57,60
248,female,20,1.62,52
249,male,21,1.72,72
250,male,21,1.76,78
251,female,20,1.65,75
252,male,20,1.67,78
253,male,56,1.79,90
254,female,26,1.59,47
255,female,22,1.64,56
256,male,19,1.78,81
257,male,18,1.75,85
258,male,19,1.85,115
259,male,18,1.7,80
260,female,18,1.67,91
261,male,21,1.72,75
262,female,28,1.7,73
263,male,18,1.74,70
264,male,23,1.74,53
265,male,18,1.87,67
266,male,18,1.7,50
267,female,39,1.65,50
268,male,38,1.7,78
269,male,17,1.67,60
270,male,23,1.72,66
271,male,23,1.82,107
272,female,19,1.5,50
273,male,18,1.7,60
274,male,25,1.71,71
275,female,25,1.61,61
276,female,18,1.5,50
277,male,16,1.67,50
278,male,21,1.82,67
279,female,32,1.57,57
280,male,18,1.79,52
281,male,21,1.75,62
282,male,18,1.7,55
283,female,18,1.62,55
284,male,17,1.69,60
285,male,20,1.77,70
286,male,21,1.79,105
287,female,21,1.6,61
288,female,18,1.6,58
289,female,17,1.56,51
290,male,19,1.88,79
291,male,16,1.82,71
292,male,17,1.8,58
293,male,21,1.7,65
294,male,19,1.82,75
295,male,18,1.86,110
296,female,16,1.66,58
297,female,21,1.53,53
298,male,26,1.74,80
299,male,18,1.8,80
300,male,23,1.7,75
301,male,26,1.7,70
302,male,18,1.72,55
303,male,16,1.84,45
304,female,16,1.57,49
305,male,20,1.8,85
306,male,23,1.75,120
307,female,24,1.56,60
308,female,23,1.59,48
309,male,20,1.8,75
310,female,16,1.66,58
311,male,17,1.79,57
312,male,17,1.72,62
313,female,16,1.6,57
314,male,17,1.66,56
315,female,26,1.65,63
316,male,26,1.7,72
317,male,38,1.75,75
318,male,18,1.75,70
319,female,25,1.56,45
320,female,27,1.55,63
321,male,21,1.67,67
322,male,38,1.75,75
323,female,23,1.75,56
324,male,18,1.8,72
325,female,30,1.65,71
326,female,21,1.55,58
327,male,18,1.7,55
328,male,23,1.72,76
329,male,19,1.74,74
330,female,19,1.65,82
331,female,17,1.8,50
332,male,17,1.74,56
333,male,27,1.85,75
334,female,23,1.7,56
335,female,18,1.45,53
336,male,19,1.7,50
337,male,20,1.7,65
338,male,18,1.78,64
339,female,17,1.6,65
340,female,19,1.53,42
341,male,21,1.8,72
342,male,20,1.6,50
343,male,23,1.74,105
344,male,23,1.65,66
345,male,18,1.87,173
346,male,17,1.7,55
347,female,21,1.54,47
348,male,17,1.8,97
349,male,18,1.82,80
350,male,20,1.98,125
351,male,17,1.75,70
352,female,26,1.65,60
353,female,17,1.6,53
354,female,24,1.6,51
355,female,17,1.6,59
356,female,27,1.55,62
357,male,17,1.9,60
358,female,17,1.7,56
359,male,41,1.75,110
360,female,33,1.56,48
361,male,20,1.87,75
362,female,40,1.56,80
363,female,37,1.65,73
364,male,19,1.8,80
365,male,24,1.84,86
366,male,24,1.7,68
367,male,33,1.72,83
368,female,40,1.58,63
369,female,37,1.68,83
370,male,20,1.58,74
371,male,19,1.8,60
372,male,17,1.62,69
373,female,18,1.62,58
374,female,21,1.54,56
375,male,18,1.76,70
376,male,41,1.8,92
377,female,36,1.58,60
378,male,18,1.76,68
379,male,18,1.73,70
380,male,17,1.7,70
381,male,25,1.7,83
382,male,21,1.8,75
383,female,29,1.6,56
384,male,17,1.7,98
385,female,18,1.6,60
386,female,16,1.55,45
387,female,18,1.59,53
388,female,37,1.5,75
389,male,18,1.78,108
390,female,16,1.61,65
391,male,23,1.71,50
392,female,18,1.7,50
393,male,18,1.76,70
394,male,18,1.7,78
395,female,17,1.53,55
396,female,20,1.54,39
397,female,38,1.55,59
398,male,20,1.66,60
399,male,21,1.85,125
400,male,21,1.65,60
401,male,18,1.65,70
402,male,26,1.83,82
403,male,27,1.83,99
404,female,26,1.66,112
405,male,34,1.78,73
406,male,18,1.74,86
407,male,33,1.76,67
408,female,19,1.51,59
409,male,20,1.81,79
410,female,33,1.55,55
411,male,20,1.83,66
412,female,20,1.6,65
413,male,33,1.85,85
414,male,33,1.75,85
415,male,33,1.83,113
416,male,14,1.71,72
417,male,34,1.84,88
418,male,18,1.77,87
419,male,18,1.7,90
420,male,29,1.62,89
421,male,18,1.85,60
422,male,18,1.84,60
423,male,19,1.75,58
424,male,33,1.85,93
425,male,33,1.74,76
426,female,19,1.61,54
427,male,22,1.75,70
428,female,20,1.67,60
429,male,23,1.7,69
430,male,26,1.9,80
431,male,18,1.65,85
432,female,18,1.6,55
433,male,19,1.8,70
434,female,18,1.64,59
435,male,19,1.89,87
436,female,19,1.76,80
437,female,18,1.56,55
438,female,18,1.6,56
439,female,19,1.67,64
440,female,19,1.6,60
441,female,18,1.55,56
442,female,18,1.55,50
443,male,26,1.72,65
444,male,18,1.72,53
445,male,19,1.7,60
446,female,19,1.51,45
447,male,19,1.83,82
448,male,19,1.8,87
449,female,24,1.6,101
450,female,18,1.63,63
451,male,19,1.71,71
452,male,19,1.7,65
453,male,23,1.75,69
454,female,18,1.62,50
455,female,20,1.68,68
456,male,18,1.85,66
457,female,33,1.59,60
458,female,19,1.5,45
459,male,19,1.69,60
460,male,19,1.76,79
461,female,18,1.62,55
462,male,21,1.71,100
463,male,27,1.72,88
464,male,17,1.8,68
465,male,18,1.93,86
466,female,18,1.6,51
467,male,22,1.74,75
468,male,22,1.74,75
469,female,20,1.62,45
470,female,19,1.54,42
471,female,20,1.56,52
472,female,18,1.6,83
473,female,18,1.54,71
474,female,18,1.63,51
475,male,19,1.78,64
476,female,18,1.62,68
477,female,18,1.71,75
478,female,18,1.64,56
479,male,19,1.69,65
480,female,17,1.58,50
481,female,18,1.57,50
482,male,18,1.74,64
483,female,20,1.58,54
484,female,18,1.5,58
485,female,36,1.65,80
486,male,21,1.8,73
487,male,23,1.75,75
488,male,20,1.84,104
489,male,21,1.88,84
490,female,19,1.56,50
491,male,24,1.75,84
492,male,25,1.66,68
493,male,45,1.7,86
494,male,20,1.8,65
495,female,18,1.67,66
496,male,19,1.8,60
497,male,18,1.72,53
498,male,20,1.56,45
499,female,25,1.686306,105
500,female,19,1.683124,127
501,female,26,1.622397,111
502,female,22,1.755643,138
503,female,22,1.843419,165
504,female,18,1.7456,133
505,female,26,1.630927,111
506,female,26,1.629191,105
507,female,22,1.770612,134
508,male,20,1.743702,55
509,male,17,1.771915,56
510,male,22,1.75376,56
511,female,22,1.675446,51
512,female,21,1.666203,50
513,female,22,1.711467,52
514,female,21,1.598019,45
515,female,22,1.59611,43
516,female,22,1.57206,44
517,female,21,1.586952,43
518,female,23,1.59559,45
519,female,24,1.6,45
520,female,19,1.688025,45
521,female,19,1.556211,42
522,female,19,1.564199,42
523,female,20,1.56948,41
524,female,21,1.52,42
525,female,20,1.550648,45
526,female,20,1.520997,42
527,female,20,1.528011,42
528,female,21,1.52,42
529,female,22,1.733263,51
530,female,21,1.722527,51
531,female,20,1.734832,50
532,male,23,1.882779,64
533,male,23,1.854592,64
534,male,23,1.835643,59
535,male,18,1.755507,52
536,male,22,1.71266,52
537,male,18,1.694265,52
538,female,19,1.586895,41
539,female,19,1.579561,42
540,female,19,1.564568,41
541,female,20,1.670635,50
542,female,20,1.688426,50
543,female,20,1.66084,49
544,female,23,1.710182,50
545,female,20,1.755978,54
546,female,23,1.728834,51
547,female,19,1.662017,50
548,female,19,1.7,50
549,female,19,1.661403,50
550,female,30,1.610863,50
551,female,32,1.640688,47
552,female,24,1.64603,50
553,male,17,1.710564,52
554,male,16,1.752755,50
555,male,16,1.691007,53
556,male,18,1.753349,51
557,male,18,1.781543,51
558,male,18,1.755823,52
559,male,17,1.836669,59
560,male,20,1.768493,58
561,male,18,1.777108,57
562,female,17,1.640824,43
563,female,17,1.584951,44
564,female,16,1.818268,47
565,male,18,1.793926,60
566,male,17,1.809251,59
567,male,19,1.767335,56
568,female,22,1.699568,55
569,female,21,1.759358,55
570,female,23,1.740295,54
571,female,19,1.739354,50
572,female,17,1.647811,50
573,female,19,1.768435,50
574,female,18,1.7,50
575,female,20,1.699464,50
576,female,18,1.74379,50
577,female,20,1.590317,42
578,female,20,1.527133,42
579,female,19,1.530875,42
580,male,17,1.848294,59
581,male,17,1.824414,59
582,male,19,1.856633,59
583,female,23,1.715597,50
584,female,22,1.675054,50
585,female,23,1.717601,51
586,female,17,1.710756,50
587,female,18,1.7,50
588,female,18,1.7,50
589,female,19,1.573816,40
590,female,20,1.530884,39
591,female,20,1.529724,40
592,male,20,1.767563,56
593,male,18,1.883364,60
594,male,18,1.824655,59
595,male,18,1.840138,60
596,male,17,1.819557,58
597,male,17,1.798645,60
598,male,18,1.7108,51
599,male,18,1.70653,51
600,male,18,1.716691,51
601,female,19,1.555431,44
602,female,19,1.603923,45
603,female,20,1.602082,45
604,female,19,1.53777,42
605,female,19,1.538398,42
606,female,19,1.520862,42
607,male,18,1.717826,52
608,male,18,1.753389,54
609,male,18,1.70165,50
610,male,20,1.75336,55
611,female,22,1.672007,50
612,female,22,1.593847,44
613,female,23,1.584785,44
614,female,19,1.600264,45
615,female,21,1.549311,42
616,female,20,1.534385,42
617,female,21,1.725548,50
618,male,20,1.868931,63
619,female,21,1.686936,51
620,female,18,1.589829,40
621,female,20,1.653209,49
622,female,23,1.740108,54
623,female,18,1.7,50
624,female,35,1.689141,50
625,male,16,1.691206,50
626,male,18,1.788459,52
627,male,17,1.811238,59
628,female,17,1.830068,44
629,male,17,1.782756,56
630,female,23,1.751691,56
631,female,18,1.78656,50
632,female,19,1.71367,50
633,female,19,1.540375,42
634,male,17,1.896734,60
635,female,23,1.710129,50
636,female,18,1.704193,51
637,female,19,1.556611,40
638,male,18,1.845399,60
639,male,17,1.834637,60
640,male,18,1.721854,53
641,female,20,1.605521,45
642,female,19,1.530266,42
643,male,18,1.71889,52
644,male,20,1.756338,55
645,male,18,1.770324,56
646,female,21,1.767479,56
647,female,22,1.704223,51
648,female,21,1.667852,50
649,female,23,1.722461,52
650,female,22,1.588046,44
651,female,23,1.598612,43
652,female,22,1.592379,44
653,female,21,1.555778,42
654,female,23,1.596466,45
655,female,22,1.598393,45
656,female,19,1.633316,45
657,female,19,1.559567,42
658,female,19,1.546551,42
659,female,20,1.566501,42
660,female,21,1.52,42
661,female,20,1.599486,45
662,female,20,1.559186,42
663,female,21,1.523426,42
664,female,21,1.52,42
665,female,22,1.689441,51
666,female,21,1.737453,50
667,female,19,1.732096,50
668,male,22,1.869098,61
669,male,19,1.851123,61
670,male,21,1.787264,59
671,male,18,1.787787,52
672,female,22,1.712515,52
673,male,18,1.698914,52
674,female,19,1.533609,42
675,female,19,1.567981,42
676,female,19,1.544263,42
677,female,19,1.670552,50
678,female,20,1.676346,49
679,female,20,1.667404,49
680,female,22,1.70011,50
681,male,20,1.75633,55
682,female,23,1.703584,52
683,female,19,1.690727,50
684,female,18,1.713564,50
685,female,19,1.67231,50
686,female,27,1.660446,50
687,female,25,1.630379,46
688,female,23,1.655413,50
689,male,18,1.732862,51
690,female,17,1.74402,50
691,male,18,1.757958,52
692,male,18,1.786758,52
693,male,18,1.767058,51
694,male,18,1.699437,52
695,male,17,1.82525,59
696,male,20,1.793315,58
697,male,19,1.776989,57
698,female,19,1.609495,43
699,female,17,1.777929,45
700,female,17,1.710948,45
701,male,18,1.854162,60
702,male,17,1.821514,60
703,male,20,1.762073,56
704,female,23,1.732307,55
705,male,21,1.759933,55
706,female,23,1.741377,55
707,female,19,1.731195,50
708,female,17,1.74823,50
709,female,19,1.756865,50
710,female,18,1.701378,50
711,female,20,1.699956,50
712,female,18,1.723328,50
713,female,19,1.585886,43
714,female,21,1.524926,42
715,female,19,1.52337,42
716,male,17,1.844749,59
717,male,17,1.853325,60
718,male,18,1.854706,59
719,female,21,1.72064,50
720,female,22,1.704167,50
721,female,22,1.71746,51
722,female,18,1.708406,50
723,female,18,1.763465,50
724,female,18,1.7,50
725,female,19,1.574017,41
726,female,20,1.537739,39
727,female,20,1.534223,41
728,male,20,1.76033,55
729,male,18,1.841879,60
730,male,18,1.856406,59
731,male,18,1.829142,60
732,male,17,1.822084,58
733,male,17,1.80671,59
734,male,18,1.707259,51
735,male,18,1.708107,51
736,male,18,1.739344,51
737,female,19,1.573987,44
738,female,19,1.58092,45
739,female,20,1.603435,45
740,female,20,1.53535,42
741,female,19,1.53161,42
742,female,19,1.525691,42
743,male,18,1.719827,52
744,male,18,1.722547,54
745,male,18,1.738702,50
746,male,27,1.816298,87
747,male,21,1.638085,70
748,male,25,1.813678,86
749,male,22,1.697228,76
750,male,21,1.617469,69
751,male,19,1.855543,89
752,female,42,1.721854,83
753,male,21,1.855353,86
754,male,22,1.696336,75
755,female,19,1.751631,80
756,male,24,1.698346,75
757,female,34,1.642971,75
758,female,22,1.613668,68
759,male,21,1.605404,68
760,female,35,1.529834,63
761,female,37,1.55,62
762,female,22,1.731261,78
763,male,23,1.629194,70
764,male,21,1.62,70
765,male,21,1.62,70
766,female,31,1.633491,69
767,male,21,1.752391,79
768,male,20,1.818226,86
769,male,20,1.809101,85
770,male,21,1.709484,75
771,male,21,1.607082,68
772,female,23,1.718939,76
773,male,20,1.831357,90
774,female,22,1.6,66
775,female,21,1.754813,78
776,male,18,1.778447,80
777,male,21,1.709561,75
778,female,29,1.674568,72
779,male,26,1.755317,82
780,male,23,1.708071,75
781,male,20,1.806947,85
782,female,24,1.599697,65
783,female,33,1.721903,73
784,male,23,1.712556,75
785,female,17,1.551288,55
786,female,16,1.603842,65
787,female,24,1.588597,62
788,female,35,1.673482,73
789,male,23,1.858624,89
790,female,37,1.593894,63
791,male,19,1.62,70
792,female,16,1.616366,67
793,female,18,1.637396,70
794,female,19,1.550723,61
795,female,17,1.6,65
796,male,30,1.820471,88
797,female,32,1.657496,74
798,male,18,1.752123,80
799,male,19,1.857231,88
800,female,19,1.76,80
801,female,18,1.644682,68
802,female,18,1.737165,77
803,female,20,1.507853,64
804,male,28,1.81006,87
805,male,27,1.80179,87
806,male,21,1.625891,70
807,male,22,1.64037,70
808,male,27,1.791047,83
809,male,22,1.679306,75
810,female,21,1.615145,69
811,female,21,1.616467,69
812,male,20,1.816783,87
813,male,19,1.812472,87
814,female,42,1.768231,76
815,male,22,1.870931,89
816,male,21,1.863685,90
817,male,23,1.670227,75
818,male,23,1.717288,76
819,male,19,1.750359,80
820,male,23,1.707557,75
821,female,33,1.672446,75
822,female,33,1.675979,75
823,female,22,1.611239,68
824,female,22,1.611356,68
825,male,21,1.62,70
826,female,37,1.508908,63
827,female,40,1.561109,63
828,female,39,1.554728,63
829,female,22,1.730182,79
830,female,21,1.743841,79
831,male,21,1.62,70
832,male,21,1.62,70
833,male,21,1.62,70
834,male,21,1.62,70
835,male,21,1.62,70
836,female,29,1.642506,70
837,female,31,1.69308,72
838,male,23,1.752115,79
839,male,26,1.745033,80
840,male,20,1.820643,85
841,male,20,1.80733,85
842,male,20,1.8,85
843,male,19,1.814255,85
844,male,22,1.700181,75
845,female,22,1.604697,68
846,female,21,1.611,68
847,female,21,1.754497,78
848,female,21,1.752944,78
849,male,19,1.859927,87
850,male,22,1.896073,91
851,male,22,1.605314,67
852,female,21,1.758628,78
853,female,21,1.755427,78
854,female,19,1.779882,80
855,male,21,1.712061,75
856,male,21,1.676014,75
857,female,28,1.7,74
858,male,29,1.765874,82
859,male,26,1.74595,80
860,male,23,1.690196,75
861,male,20,1.81748,85
862,female,22,1.580964,65
863,female,30,1.652084,74
864,female,31,1.645511,69
865,male,23,1.707968,75
866,female,18,1.456346,56
867,female,18,1.498561,55
868,female,17,1.603501,65
869,female,22,1.558045,64
870,female,27,1.55,63
871,female,35,1.647514,74
872,male,24,1.855779,86
873,male,23,1.853223,87
874,female,40,1.570811,62
875,female,16,1.617124,68
876,female,17,1.644053,67
877,female,16,1.608914,65
878,female,18,1.647971,69
879,female,19,1.624831,70
880,female,20,1.508267,61
881,female,19,1.518917,60
882,female,18,1.6,65
883,male,33,1.838791,88
884,female,33,1.730379,76
885,female,19,1.759117,80
886,female,19,1.755254,80
887,male,19,1.804099,85
888,male,19,1.813567,86
889,female,21,1.75655,79
890,female,19,1.756774,80
891,female,18,1.62,69
892,female,21,1.709585,75
893,female,17,1.535618,57
894,male,26,1.818848,87
895,male,27,1.817641,87
896,male,21,1.636592,70
897,male,21,1.621412,70
898,male,27,1.802871,86
899,male,22,1.696201,75
900,male,21,1.694633,75
901,female,21,1.618148,69
902,male,19,1.856811,89
903,female,39,1.738321,87
904,female,40,1.739293,81
905,male,20,1.807538,85
906,male,20,1.849425,85
907,male,21,1.712473,75
908,female,19,1.753471,80
909,male,24,1.717432,75
910,male,23,1.677573,75
911,female,34,1.679725,75
912,female,22,1.600914,68
913,female,21,1.617749,69
914,male,21,1.610209,69
915,male,21,1.612556,69
916,female,39,1.548178,62
917,female,39,1.568441,63
918,female,37,1.532322,62
919,female,22,1.730199,79
920,female,22,1.730167,78
921,male,22,1.627396,70
922,male,21,1.62,70
923,male,21,1.62,70
924,male,21,1.62,70
925,female,30,1.638744,69
926,female,31,1.680858,72
927,female,21,1.758372,79
928,male,20,1.822573,85
929,male,20,1.815409,85
930,male,22,1.698049,75
931,female,21,1.60681,68
932,female,22,1.610327,68
933,male,23,1.710415,75
934,male,23,1.716289,76
935,male,20,1.834715,89
936,female,22,1.611822,67
937,female,22,1.6,66
938,female,21,1.753578,78
939,female,21,1.742364,79
940,male,19,1.775626,80
941,male,21,1.714253,75
942,male,21,1.693628,75
943,female,29,1.659172,71
944,male,24,1.776347,82
945,male,26,1.767806,83
946,male,23,1.702516,75
947,male,20,1.814182,85
948,female,22,1.59994,65
949,female,32,1.666023,73
950,male,23,1.701584,75
951,male,23,1.713343,76
952,female,17,1.489409,54
953,female,18,1.518067,56
954,female,16,1.616533,65
955,female,23,1.589616,65
956,female,35,1.675612,74
957,male,23,1.874061,90
958,female,39,1.580765,63
959,male,20,1.62,70
960,female,16,1.613921,67
961,female,18,1.618683,67
962,male,19,1.637537,70
963,female,20,1.566524,62
964,female,20,1.542328,64
965,female,17,1.6,65
966,female,17,1.600184,65
967,male,29,1.773656,87
968,female,32,1.64602,74
969,female,32,1.65015,74
970,male,18,1.751029,80
971,male,20,1.838266,89
972,male,20,1.824449,88
973,female,19,1.76,79
974,female,18,1.622241,68
975,female,18,1.729996,76
976,female,18,1.725233,76
977,female,20,1.541039,65
978,male,21,1.773766,89
979,male,22,1.75463,89
980,male,21,1.674327,80
981,male,21,1.72,81
982,male,33,1.913241,101
983,male,31,1.737984,83
984,male,30,1.703688,82
985,male,21,1.716308,80
986,male,23,1.65,80
987,female,29,1.57856,66
988,male,39,1.780846,86
989,male,35,1.823168,92
990,female,20,1.525234,65
991,female,22,1.481682,61
992,male,19,1.768578,88
993,female,21,1.569878,70
994,female,21,1.568188,68
995,male,22,1.792527,90
996,male,23,1.795311,90
997,female,23,1.700038,80
998,female,23,1.668649,80
999,male,25,1.7,85
"1,000",male,24,1.713825,84
"1,001",female,25,1.7,78
"1,002",male,31,1.835381,91
"1,003",male,24,1.7,81
"1,004",female,29,1.7,78
"1,005",male,18,1.7,83
"1,006",female,19,1.659877,77
"1,007",male,26,1.836943,96
"1,008",male,23,1.819614,93
"1,009",male,23,1.717775,85
"1,010",male,23,1.791867,90
"1,011",female,25,1.7,81
"1,012",male,34,1.68108,84
"1,013",female,27,1.660756,79
"1,014",male,55,1.769269,80
"1,015",male,35,1.765188,85
"1,016",male,22,1.65,80
"1,017",male,18,1.654757,80
"1,018",female,42,1.647768,79
"1,019",male,22,1.691303,81
"1,020",female,29,1.532897,65
"1,021",female,25,1.565288,65
"1,022",female,22,1.5,64
"1,023",female,23,1.507106,65
"1,024",male,23,1.70074,81
"1,025",male,23,1.715118,82
"1,026",female,38,1.696423,79
"1,027",female,37,1.653088,80
"1,028",female,34,1.681842,77
"1,029",female,34,1.652202,77
"1,030",male,31,1.848683,99
"1,031",male,34,1.835678,96
"1,032",female,19,1.560029,72
"1,033",female,19,1.621048,72
"1,034",male,20,1.699474,78
"1,035",male,51,1.745528,82
"1,036",male,18,1.720379,85
"1,037",male,18,1.758787,85
"1,038",male,19,1.704908,81
"1,039",female,34,1.691322,78
"1,040",male,17,1.78629,95
"1,041",male,33,1.705617,83
"1,042",male,33,1.733439,85
"1,043",female,36,1.701397,83
"1,044",female,20,1.625236,74
"1,045",female,19,1.545196,72
"1,046",male,34,1.843172,93
"1,047",male,23,1.705813,82
"1,048",male,20,1.704141,79
"1,049",male,19,1.706082,78
"1,050",male,30,1.842943,94
"1,051",male,27,1.880992,100
"1,052",male,21,1.726774,83
"1,053",male,33,1.73196,84
"1,054",male,18,1.751278,87
"1,055",male,31,1.780448,88
"1,056",male,33,1.85,98
"1,057",male,25,1.785241,88
"1,058",male,24,1.718845,86
"1,059",female,20,1.530248,69
"1,060",female,34,1.664927,80
"1,061",female,34,1.673333,77
"1,062",male,23,1.725587,82
"1,063",female,43,1.733875,87
"1,064",female,45,1.675953,80
"1,065",male,22,1.786238,90
"1,066",male,21,1.718534,80
"1,067",male,31,1.919543,102
"1,068",male,31,1.707613,83
"1,069",male,22,1.658393,80
"1,070",female,31,1.536819,66
"1,071",male,35,1.805459,90
"1,072",female,21,1.521008,67
"1,073",male,19,1.744733,87
"1,074",female,20,1.529223,65
"1,075",male,23,1.799742,90
"1,076",female,23,1.681314,80
"1,077",male,24,1.706912,86
"1,078",female,24,1.663509,80
"1,079",male,29,1.752265,88
"1,080",male,25,1.735343,83
"1,081",female,29,1.7,78
"1,082",male,17,1.7,83
"1,083",female,19,1.633794,78
"1,084",male,24,1.856759,96
"1,085",male,23,1.77433,90
"1,086",female,29,1.7,78
"1,087",male,34,1.719509,84
"1,088",female,28,1.658202,78
"1,089",male,55,1.657221,81
"1,090",male,35,1.713348,85
"1,091",male,21,1.677178,80
"1,092",female,38,1.67805,77
"1,093",male,22,1.717722,82
"1,094",female,21,1.486484,60
"1,095",female,25,1.503379,64
"1,096",male,23,1.718981,82
"1,097",female,39,1.688354,79
"1,098",female,34,1.665807,77
"1,099",male,33,1.838441,97
"1,100",female,20,1.653431,75
"1,101",male,19,1.699818,78
"1,102",male,46,1.718097,89
"1,103",male,18,1.731389,84
"1,104",male,19,1.699667,80
"1,105",female,38,1.698626,79
"1,106",male,23,1.823765,97
"1,107",male,33,1.708742,83
"1,108",female,37,1.667469,81
"1,109",female,19,1.588147,74
"1,110",male,37,1.835024,92
"1,111",male,25,1.7088,84
"1,112",male,18,1.680991,80
"1,113",male,27,1.835271,98
"1,114",male,18,1.742819,87
"1,115",male,33,1.741192,85
"1,116",male,18,1.759721,86
"1,117",male,30,1.810616,93
"1,118",male,25,1.763101,89
"1,119",female,18,1.543338,72
"1,120",female,35,1.651812,79
"1,121",male,24,1.732492,85
"1,122",female,39,1.706349,86
"1,123",male,21,1.780679,90
"1,124",male,23,1.758687,90
"1,125",male,21,1.704573,80
"1,126",male,21,1.716545,80
"1,127",male,33,1.903832,100
"1,128",male,33,1.742538,83
"1,129",male,30,1.747739,83
"1,130",male,21,1.717037,80
"1,131",female,23,1.65,80
"1,132",female,24,1.577921,65
"1,133",male,37,1.746055,83
"1,134",male,34,1.841151,92
"1,135",female,21,1.517998,65
"1,136",female,22,1.483284,63
"1,137",male,20,1.758972,88
"1,138",female,19,1.562434,70
"1,139",female,21,1.547066,67
"1,140",male,22,1.792435,90
"1,141",male,22,1.784555,90
"1,142",female,23,1.700216,80
"1,143",male,23,1.672101,81
"1,144",male,24,1.7,85
"1,145",male,24,1.721348,84
"1,146",female,27,1.7,78
"1,147",male,31,1.803129,91
"1,148",female,24,1.70002,80
"1,149",female,26,1.7,78
"1,150",male,18,1.713599,83
"1,151",male,19,1.662728,77
"1,152",male,25,1.837399,96
"1,153",male,23,1.80827,91
"1,154",male,24,1.714508,85
"1,155",male,23,1.793451,90
"1,156",female,24,1.700499,81
"1,157",male,34,1.694997,84
"1,158",female,25,1.688911,78
"1,159",male,55,1.673394,80
"1,160",male,35,1.769499,85
"1,161",male,22,1.65,80
"1,162",male,18,1.662669,80
"1,163",female,42,1.67861,80
"1,164",male,21,1.694423,80
"1,165",female,28,1.505437,64
"1,166",female,25,1.505387,64
"1,167",female,22,1.491441,62
"1,168",female,21,1.509408,65
"1,169",male,23,1.685045,81
"1,170",male,23,1.723072,82
"1,171",female,38,1.696954,78
"1,172",female,38,1.676095,79
"1,173",female,34,1.681021,77
"1,174",female,34,1.654067,80
"1,175",male,32,1.840708,98
"1,176",male,33,1.836007,97
"1,177",female,19,1.556789,72
"1,178",female,20,1.5891,73
"1,179",male,20,1.700627,78
"1,180",male,48,1.743935,85
"1,181",male,18,1.742654,85
"1,182",male,18,1.754441,85
"1,183",male,20,1.719342,81
"1,184",female,34,1.682253,77
"1,185",male,17,1.799902,95
"1,186",male,33,1.709428,83
"1,187",male,35,1.752456,85
"1,188",male,36,1.685947,83
"1,189",female,19,1.599999,74
"1,190",female,19,1.550053,73
"1,191",male,32,1.828092,91
"1,192",male,23,1.71338,82
"1,193",male,20,1.680764,80
"1,194",male,20,1.705584,78
"1,195",male,30,1.841852,94
"1,196",male,27,1.834986,99
"1,197",male,21,1.724839,82
"1,198",male,33,1.685127,84
"1,199",male,18,1.750097,86
"1,200",male,32,1.757961,88
"1,201",male,32,1.848965,99
"1,202",male,24,1.789193,89
"1,203",male,24,1.716677,85
"1,204",female,19,1.550122,70
"1,205",female,35,1.663178,80
"1,206",female,34,1.679299,77
"1,207",male,24,1.729177,83
"1,208",male,40,1.719153,86
"1,209",female,46,1.687326,80
"1,210",male,26,1.772449,105
"1,211",male,26,1.837117,106
"1,212",male,31,1.784377,103
"1,213",male,40,1.792507,102
"1,214",female,31,1.556579,78
"1,215",female,26,1.585547,80
"1,216",female,44,1.569234,82
"1,217",female,42,1.583943,82
"1,218",female,23,1.621233,82
"1,219",female,23,1.6084,83
"1,220",male,24,1.733439,98
"1,221",male,21,1.65,88
"1,222",female,23,1.650052,87
"1,223",female,23,1.644161,84
"1,224",female,37,1.559499,77
"1,225",male,23,1.734237,95
"1,226",male,23,1.775815,98
"1,227",female,22,1.640426,87
"1,228",female,18,1.65,82
"1,229",male,26,1.753321,108
"1,230",female,41,1.553026,78
"1,231",male,23,1.706525,91
"1,232",female,38,1.560648,80
"1,233",male,31,1.673352,90
"1,234",male,23,1.660324,94
"1,235",male,40,1.786318,98
"1,236",male,23,1.757691,95
"1,237",male,22,1.712163,99
"1,238",male,35,1.78,101
"1,239",female,22,1.6,82
"1,240",female,23,1.61082,83
"1,241",female,23,1.665199,83
"1,242",female,41,1.542122,80
"1,243",female,39,1.507867,80
"1,244",male,26,1.660955,90
"1,245",female,24,1.553127,78
"1,246",male,21,1.781952,103
"1,247",male,22,1.75,97
"1,248",female,23,1.615854,81
"1,249",male,21,1.793378,106
"1,250",male,18,1.85478,115
"1,251",female,18,1.685633,90
"1,252",female,18,1.706343,93
"1,253",male,23,1.791415,105
"1,254",male,23,1.753716,106
"1,255",male,21,1.780503,103
"1,256",male,22,1.819867,106
"1,257",male,18,1.791174,109
"1,258",male,18,1.82093,109
"1,259",female,19,1.627812,82
"1,260",female,23,1.632118,82
"1,261",male,22,1.773594,105
"1,262",male,21,1.930416,119
"1,263",male,22,1.947406,117
"1,264",female,38,1.610867,80
"1,265",female,38,1.513202,75
"1,266",male,18,1.738465,97
"1,267",female,38,1.567915,76
"1,268",female,44,1.587546,76
"1,269",male,18,1.820385,108
"1,270",male,18,1.792239,108
"1,271",male,30,1.82697,109
"1,272",female,18,1.670058,86
"1,273",male,25,1.639383,91
"1,274",male,29,1.682916,90
"1,275",female,18,1.609321,84
"1,276",male,21,1.690437,96
"1,277",male,19,1.700164,99
"1,278",female,18,1.60074,82
"1,279",male,18,1.801848,105
"1,280",male,26,1.844751,105
"1,281",male,26,1.811602,106
"1,282",male,37,1.787521,101
"1,283",male,38,1.789109,100
"1,284",female,30,1.533364,78
"1,285",female,29,1.580858,80
"1,286",female,42,1.64639,87
"1,287",female,47,1.643786,82
"1,288",female,23,1.634342,82
"1,289",female,23,1.604893,82
"1,290",male,23,1.654961,95
"1,291",male,23,1.701986,95
"1,292",male,23,1.65,89
"1,293",male,24,1.657995,90
"1,294",female,23,1.634688,83
"1,295",female,23,1.628168,84
"1,296",female,38,1.557808,80
"1,297",female,38,1.560199,80
"1,298",male,23,1.750384,95
"1,299",male,23,1.753081,95
"1,300",female,21,1.65,88
"1,301",female,23,1.650012,88
"1,302",female,16,1.65,86
"1,303",female,17,1.634832,86
"1,304",male,29,1.770126,109
"1,305",male,30,1.758189,109
"1,306",female,44,1.595165,77
"1,307",female,41,1.567756,79
"1,308",male,23,1.702825,94
"1,309",male,23,1.735659,93
"1,310",female,38,1.62901,80
"1,311",female,38,1.615385,80
"1,312",male,32,1.671705,90
"1,313",male,32,1.676595,90
"1,314",male,22,1.699998,96
"1,315",male,22,1.722785,94
"1,316",male,36,1.670667,91
"1,317",male,40,1.789992,98
"1,318",male,24,1.768834,97
"1,319",male,23,1.761008,98
"1,320",male,35,1.78,102
"1,321",male,31,1.810215,105
"1,322",female,23,1.608469,83
"1,323",female,23,1.630357,83
"1,324",female,23,1.62826,83
"1,325",female,22,1.605662,82
"1,326",female,41,1.567973,81
"1,327",female,41,1.548403,80
"1,328",male,29,1.681855,90
"1,329",male,31,1.688436,90
"1,330",female,23,1.577115,78
"1,331",female,24,1.586751,79
"1,332",male,17,1.710616,100
"1,333",male,18,1.721384,99
"1,334",female,23,1.624367,82
"1,335",female,23,1.622787,82
"1,336",male,19,1.855433,113
"1,337",male,21,1.856315,118
"1,338",female,19,1.681719,91
"1,339",female,21,1.722884,93
"1,340",male,23,1.799406,107
"1,341",male,22,1.819875,106
"1,342",male,21,1.790172,105
"1,343",male,22,1.783782,105
"1,344",male,18,1.783906,109
"1,345",male,18,1.844218,109
"1,346",female,19,1.631662,82
"1,347",female,18,1.649553,82
"1,348",male,22,1.754711,105
"1,349",male,22,1.762515,105
"1,350",male,20,1.942725,122
"1,351",male,20,1.975663,121
"1,352",female,39,1.586301,80
"1,353",female,38,1.598448,80
"1,354",male,19,1.703098,98
"1,355",male,17,1.706996,100
"1,356",female,39,1.526472,75
"1,357",female,39,1.501993,77
"1,358",male,18,1.784402,108
"1,359",male,18,1.792687,108
"1,360",male,30,1.814052,109
"1,361",male,31,1.789421,110
"1,362",female,18,1.686904,90
"1,363",female,18,1.703259,91
"1,364",male,31,1.665798,90
"1,365",male,29,1.66671,89
"1,366",female,18,1.65,84
"1,367",female,18,1.649439,85
"1,368",male,21,1.702002,98
"1,369",male,21,1.69382,100
"1,370",female,18,1.622999,82
"1,371",female,18,1.633675,82
"1,372",male,20,1.836669,105
"1,373",male,21,1.798354,104
"1,374",male,26,1.824432,105
"1,375",male,26,1.830384,105
"1,376",male,26,1.829907,105
"1,377",male,26,1.823755,106
"1,378",male,30,1.834842,105
"1,379",male,33,1.783901,104
"1,380",male,39,1.782067,104
"1,381",male,40,1.781032,96
"1,382",female,33,1.557943,78
"1,383",female,26,1.560258,78
"1,384",female,23,1.596586,81
"1,385",female,25,1.62093,82
"1,386",female,43,1.571417,82
"1,387",female,44,1.584322,81
"1,388",female,43,1.582523,82
"1,389",female,40,1.572791,80
"1,390",female,23,1.627908,82
"1,391",female,23,1.620938,82
"1,392",female,23,1.613119,83
"1,393",female,23,1.62686,82
"1,394",male,23,1.728183,98
"1,395",male,23,1.732694,98
"1,396",female,21,1.65,88
"1,397",female,21,1.65,88
"1,398",female,23,1.66913,86
"1,399",female,23,1.669136,86
"1,400",female,23,1.611058,84
"1,401",female,23,1.649736,84
"1,402",female,39,1.532643,78
"1,403",female,37,1.524293,76
"1,404",male,23,1.701634,95
"1,405",male,23,1.723921,95
"1,406",male,23,1.769484,96
"1,407",male,24,1.777416,98
"1,408",female,22,1.64456,88
"1,409",female,21,1.641149,88
"1,410",female,18,1.642892,82
"1,411",female,19,1.65,82
"1,412",male,26,1.777251,106
"1,413",male,26,1.814696,108
"1,414",female,40,1.559005,78
"1,415",female,38,1.556028,78
"1,416",male,24,1.653751,91
"1,417",male,23,1.680171,91
"1,418",female,38,1.552648,80
"1,419",female,38,1.560215,80
"1,420",male,32,1.672959,90
"1,421",male,30,1.680058,90
"1,422",male,22,1.664752,94
"1,423",male,22,1.668553,94
"1,424",male,40,1.785286,100
"1,425",male,37,1.780725,99
"1,426",male,23,1.751046,95
"1,427",male,23,1.751365,95
"1,428",male,22,1.717262,99
"1,429",male,22,1.741393,98
"1,430",male,37,1.7921,101
"1,431",male,38,1.785957,99
"1,432",female,22,1.609068,84
"1,433",female,23,1.603963,82
"1,434",female,22,1.605495,83
"1,435",female,22,1.607182,82
"1,436",female,23,1.661715,83
"1,437",female,23,1.655742,82
"1,438",female,39,1.549257,80
"1,439",female,41,1.549748,80
"1,440",female,41,1.52906,80
"1,441",female,39,1.517248,80
"1,442",male,26,1.65731,90
"1,443",male,27,1.673287,90
"1,444",female,24,1.581527,78
"1,445",female,24,1.562724,81
"1,446",male,21,1.781251,103
"1,447",male,22,1.775584,104
"1,448",male,23,1.746645,97
"1,449",male,22,1.741353,97
"1,450",female,23,1.571812,79
"1,451",female,24,1.589027,81
"1,452",male,21,1.803245,106
"1,453",male,21,1.792646,106
"1,454",male,22,1.87199,116
"1,455",male,18,1.859056,111
"1,456",female,18,1.692242,90
"1,457",female,18,1.683,91
"1,458",female,20,1.738397,94
"1,459",female,18,1.694969,93
"1,460",male,22,1.785718,105
"1,461",male,23,1.7425,105
"1,462",male,22,1.803132,106
"1,463",male,23,1.774644,106
"1,464",male,21,1.782269,105
"1,465",male,21,1.780791,103
"1,466",male,22,1.790151,106
"1,467",male,22,1.818641,105
"1,468",male,18,1.806827,109
"1,469",male,18,1.811189,109
"1,470",male,18,1.811738,109
"1,471",male,18,1.799779,109
"1,472",female,19,1.632605,82
"1,473",female,19,1.623377,83
"1,474",female,23,1.618686,81
"1,475",female,23,1.616085,83
"1,476",male,22,1.769328,105
"1,477",male,22,1.807029,106
"1,478",male,21,1.882533,117
"1,479",male,20,1.879144,113
"1,480",male,22,1.931263,118
"1,481",male,21,1.861358,115
"1,482",female,39,1.567131,80
"1,483",female,38,1.565366,80
"1,484",female,38,1.516007,77
"1,485",female,37,1.549812,76
"1,486",male,19,1.714143,97
"1,487",male,17,1.723191,97
"1,488",female,39,1.562889,77
"1,489",female,37,1.502609,75
"1,490",female,41,1.544937,77
"1,491",female,44,1.592316,77
"1,492",male,18,1.787733,108
"1,493",male,18,1.782722,108
"1,494",male,18,1.797523,108
"1,495",male,18,1.803527,108
"1,496",male,29,1.801224,108
"1,497",male,28,1.829239,107
"1,498",female,18,1.692913,90
"1,499",female,18,1.668555,86
"1,500",male,23,1.652971,93
"1,501",male,24,1.661277,91
"1,502",male,29,1.641784,89
"1,503",male,28,1.673767,90
"1,504",female,18,1.617192,83
"1,505",female,18,1.602129,82
"1,506",male,21,1.701413,97
"1,507",male,21,1.709731,95
"1,508",male,20,1.698829,99
"1,509",male,21,1.705304,100
"1,510",female,19,1.61291,82
"1,511",female,19,1.605469,82
"1,512",male,19,1.80416,104
"1,513",male,20,1.785062,104
"1,514",male,30,1.755926,112
"1,515",male,25,1.787802,115
"1,516",male,37,1.704877,108
"1,517",male,33,1.695347,103
"1,518",male,28,1.908608,129
"1,519",male,30,1.819296,122
"1,520",male,27,1.773259,118
"1,521",male,34,1.774647,120
"1,522",male,26,1.773664,116
"1,523",male,28,1.793476,113
"1,524",male,28,1.82559,121
"1,525",male,25,1.885543,121
"1,526",male,31,1.75,120
"1,527",male,31,1.87407,129
"1,528",male,25,1.755967,112
"1,529",male,25,1.757069,117
"1,530",male,41,1.75,117
"1,531",male,28,1.704028,102
"1,532",male,23,1.849003,121
"1,533",male,23,1.841989,122
"1,534",male,24,1.613491,98
"1,535",male,20,1.647821,107
"1,536",male,30,1.75834,112
"1,537",male,25,1.758398,112
"1,538",male,31,1.670774,102
"1,539",male,29,1.665585,99
"1,540",male,31,1.914186,130
"1,541",male,30,1.899588,124
"1,542",male,32,1.75,118
"1,543",male,37,1.75,119
"1,544",male,22,1.773664,116
"1,545",male,24,1.792998,116
"1,546",male,24,1.82559,121
"1,547",male,25,1.827279,121
"1,548",male,32,1.775416,121
"1,549",male,31,1.766975,118
"1,550",male,23,1.754218,117
"1,551",male,23,1.754996,119
"1,552",male,41,1.748103,108
"1,553",male,35,1.73325,104
"1,554",male,22,1.84995,122
"1,555",male,22,1.849601,122
"1,556",male,24,1.606066,100
"1,557",male,20,1.611434,103
"1,558",male,29,1.762887,114
"1,559",male,27,1.755938,112
"1,560",male,26,1.787052,115
"1,561",male,25,1.765258,114
"1,562",male,31,1.726279,111
"1,563",male,41,1.735851,110
"1,564",male,34,1.699793,104
"1,565",male,30,1.703202,103
"1,566",male,31,1.906821,129
"1,567",male,29,1.910987,130
"1,568",male,31,1.784049,121
"1,569",male,31,1.783914,121
"1,570",male,27,1.863883,120
"1,571",male,27,1.812259,118
"1,572",male,37,1.75015,118
"1,573",male,29,1.815347,120
"1,574",male,26,1.767077,114
"1,575",male,25,1.762461,116
"1,576",male,30,1.779049,112
"1,577",male,27,1.780731,113
"1,578",male,26,1.872517,121
"1,579",male,28,1.801224,119
"1,580",male,23,1.876898,121
"1,581",male,24,1.77558,121
"1,582",male,32,1.76569,120
"1,583",male,30,1.759772,118
"1,584",male,31,1.823545,126
"1,585",male,31,1.868923,125
"1,586",male,25,1.77151,113
"1,587",male,26,1.77219,114
"1,588",male,25,1.858265,118
"1,589",male,25,1.830596,118
"1,590",male,39,1.765836,119
"1,591",male,39,1.770278,117
"1,592",male,26,1.673491,104
"1,593",male,32,1.703346,103
"1,594",male,23,1.842906,121
"1,595",male,24,1.779547,119
"1,596",male,24,1.873368,122
"1,597",male,23,1.755902,120
"1,598",male,24,1.617655,101
"1,599",male,31,1.644517,100
"1,600",male,20,1.701284,105
"1,601",male,25,1.65891,105
"1,602",male,30,1.759324,112
"1,603",male,30,1.758382,112
"1,604",male,24,1.622297,100
"1,605",male,25,1.623278,98
"1,606",male,30,1.918859,130
"1,607",male,30,1.913252,129
"1,608",male,37,1.75,118
"1,609",male,39,1.75,119
"1,610",male,23,1.784994,114
"1,611",male,23,1.792533,116
"1,612",male,25,1.829757,121
"1,613",male,25,1.796415,121
"1,614",male,32,1.75,120
"1,615",male,32,1.762389,119
"1,616",male,23,1.825718,121
"1,617",male,23,1.839699,120
"1,618",male,41,1.749405,110
"1,619",male,41,1.75,116
"1,620",male,22,1.849998,122
"1,621",male,22,1.84998,123
"1,622",male,24,1.607939,101
"1,623",male,24,1.603226,100
"1,624",male,30,1.770663,112
"1,625",male,29,1.758038,112
"1,626",male,25,1.786997,115
"1,627",male,25,1.771837,115
"1,628",male,40,1.722396,109
"1,629",male,34,1.701387,107
"1,630",male,33,1.697421,103
"1,631",male,30,1.696365,103
"1,632",male,30,1.909198,130
"1,633",male,29,1.909105,130
"1,634",male,30,1.801368,121
"1,635",male,30,1.860292,124
"1,636",male,27,1.819535,118
"1,637",male,27,1.793174,118
"1,638",male,33,1.75015,118
"1,639",male,32,1.754956,120
"1,640",male,26,1.773115,115
"1,641",male,26,1.772731,116
"1,642",male,30,1.787933,113
"1,643",male,27,1.785277,113
"1,644",male,28,1.817572,121
"1,645",male,27,1.84342,120
"1,646",male,25,1.874519,121
"1,647",male,25,1.796332,121
"1,648",male,30,1.756221,119
"1,649",male,31,1.757132,119
"1,650",male,31,1.889104,129
"1,651",male,31,1.869323,128
"1,652",male,25,1.757154,112
"1,653",male,25,1.764484,113
"1,654",male,24,1.774775,117
"1,655",male,25,1.769933,118
"1,656",male,40,1.760175,118
"1,657",male,40,1.763029,117
"1,658",male,27,1.679515,103
"1,659",male,30,1.699354,100
"1,660",male,23,1.849307,122
"1,661",male,24,1.86741,122
"1,662",male,23,1.86714,122
"1,663",male,23,1.848553,121
"1,664",male,24,1.61981,99
"1,665",male,27,1.647807,100
"1,666",male,20,1.619128,104
"1,667",male,23,1.64187,104
"1,668",male,28,1.787379,112
"1,669",male,30,1.758355,112
"1,670",male,25,1.76414,113
"1,671",male,25,1.767186,112
"1,672",male,32,1.67782,102
"1,673",male,31,1.668478,101
"1,674",male,28,1.685462,100
"1,675",male,28,1.694642,100
"1,676",male,31,1.886109,129
"1,677",male,31,1.915,130
"1,678",male,30,1.841908,124
"1,679",male,31,1.868127,123
"1,680",male,32,1.751688,119
"1,681",male,31,1.755333,118
"1,682",male,38,1.754217,118
"1,683",male,38,1.76071,119
"1,684",male,22,1.755938,116
"1,685",male,23,1.765137,117
"1,686",male,25,1.788239,115
"1,687",male,24,1.767121,116
"1,688",male,24,1.840039,121
"1,689",male,24,1.824901,121
"1,690",male,25,1.828391,121
"1,691",male,25,1.829529,121
"1,692",male,31,1.779325,121
"1,693",male,31,1.781139,121
"1,694",male,31,1.764166,119
"1,695",male,31,1.754796,119
"1,696",male,25,1.756509,117
"1,697",male,24,1.756772,117
"1,698",male,23,1.754439,119
"1,699",male,23,1.755142,119
"1,700",male,40,1.706741,108
"1,701",male,37,1.74285,106
"1,702",male,34,1.6811,103
"1,703",male,34,1.705682,103
"1,704",male,23,1.849507,122
"1,705",male,23,1.853373,122
"1,706",male,23,1.84753,122
"1,707",male,22,1.87034,121
"1,708",male,24,1.607787,101
"1,709",male,24,1.603091,100
"1,710",male,20,1.620109,103
"1,711",male,23,1.610647,101
"1,712",male,29,1.758618,114
"1,713",male,30,1.763259,113
"1,714",male,27,1.764138,112
"1,715",male,25,1.75596,112
"1,716",male,26,1.783381,115
"1,717",male,26,1.786532,115
"1,718",male,26,1.766626,114
"1,719",male,26,1.765464,114
"1,720",male,30,1.75853,112
"1,721",male,30,1.758539,112
"1,722",male,41,1.748015,110
"1,723",male,41,1.744974,111
"1,724",male,30,1.701566,104
"1,725",male,33,1.696412,103
"1,726",male,31,1.680489,102
"1,727",male,30,1.703317,103
"1,728",male,31,1.877732,127
"1,729",male,31,1.909639,129
"1,730",male,30,1.909188,129
"1,731",male,31,1.910672,129
"1,732",male,31,1.779136,121
"1,733",male,32,1.767485,120
"1,734",male,31,1.783953,121
"1,735",male,31,1.76714,120
"1,736",male,27,1.816197,120
"1,737",male,27,1.839941,120
"1,738",male,26,1.84842,118
"1,739",male,26,1.830317,118
"1,740",male,38,1.750085,118
"1,741",male,38,1.763582,118
"1,742",male,28,1.816547,121
"1,743",male,28,1.805445,119
"1,744",male,25,1.770124,114
"1,745",male,26,1.77274,114
"1,746",male,26,1.763215,115
"1,747",male,26,1.766547,115
"1,748",male,30,1.773181,112
"1,749",male,30,1.76003,112
"1,750",male,27,1.780089,113
"1,751",male,28,1.766946,113
"1,752",male,26,1.885119,121
"1,753",male,27,1.828276,121
"1,754",male,28,1.806227,120
"1,755",male,27,1.812919,120
"1,756",male,23,1.859717,121
"1,757",male,23,1.86516,122
"1,758",male,24,1.783609,121
"1,759",male,24,1.794827,121
"1,760",male,31,1.759647,120
"1,761",male,31,1.773521,120
"1,762",male,32,1.753327,118
"1,763",male,30,1.761068,118
"1,764",male,31,1.848845,125
"1,765",male,31,1.842812,126
"1,766",male,31,1.825449,125
"1,767",male,31,1.86198,126
"1,768",male,25,1.763987,113
"1,769",male,25,1.761519,113
"1,770",male,25,1.772045,114
"1,771",male,25,1.771817,114
"1,772",male,26,1.79858,118
"1,773",male,25,1.788586,118
"1,774",male,25,1.803207,118
"1,775",male,25,1.836592,118
"1,776",male,37,1.762921,118
"1,777",male,38,1.752863,119
"1,778",male,39,1.768235,118
"1,779",male,38,1.766888,118
"1,780",male,25,1.603501,101
"1,781",male,27,1.690262,103
"1,782",male,34,1.712905,103
"1,783",male,33,1.695735,103
"1,784",male,24,1.829971,121
"1,785",male,23,1.84629,121
"1,786",male,24,1.774983,119
"1,787",male,25,1.78968,118
"1,788",male,25,1.852664,121
"1,789",male,24,1.872561,121
"1,790",male,23,1.81955,121
"1,791",male,23,1.815514,120
"1,792",male,24,1.614075,100
"1,793",male,24,1.609418,100
"1,794",male,31,1.650189,101
"1,795",male,31,1.653876,103
"1,796",male,20,1.657132,106
"1,797",male,21,1.644751,101
"1,798",male,26,1.660761,104
"1,799",male,27,1.69151,103
"1,800",female,26,1.611462,102
"1,801",female,26,1.584782,105
"1,802",female,18,1.792378,138
"1,803",female,18,1.802257,150
"1,804",female,26,1.65632,112
"1,805",female,26,1.600762,105
"1,806",female,26,1.678658,105
"1,807",female,26,1.678201,110
"1,808",female,22,1.65563,121
"1,809",female,21,1.694952,134
"1,810",female,26,1.622771,110
"1,811",female,26,1.583889,111
"1,812",female,21,1.729045,132
"1,813",female,23,1.664622,114
"1,814",female,21,1.747773,128
"1,815",female,21,1.730113,152
"1,816",female,19,1.746652,134
"1,817",female,24,1.719365,115
"1,818",female,26,1.632377,112
"1,819",female,26,1.642572,112
"1,820",female,26,1.654875,105
"1,821",female,26,1.627567,107
"1,822",female,21,1.736276,131
"1,823",female,24,1.737056,133
"1,824",female,26,1.580968,102
"1,825",female,26,1.607128,103
"1,826",female,18,1.821566,142
"1,827",female,18,1.82773,153
"1,828",female,26,1.656504,112
"1,829",female,26,1.637725,111
"1,830",female,26,1.669701,105
"1,831",female,26,1.668709,105
"1,832",female,21,1.668642,125
"1,833",female,21,1.690614,130
"1,834",female,26,1.622418,111
"1,835",female,26,1.643332,111
"1,836",female,22,1.733383,136
"1,837",female,21,1.748313,134
"1,838",female,21,1.812963,139
"1,839",female,21,1.80734,156
"1,840",female,18,1.745644,134
"1,841",female,21,1.753266,134
"1,842",female,26,1.632193,112
"1,843",female,26,1.641098,112
"1,844",female,26,1.640741,105
"1,845",female,26,1.618573,105
"1,846",female,23,1.757442,133
"1,847",female,20,1.763343,134
"1,848",female,26,1.610086,102
"1,849",female,26,1.664463,103
"1,850",female,26,1.602025,105
"1,851",female,26,1.632896,105
"1,852",female,18,1.771043,137
"1,853",female,22,1.789555,138
"1,854",female,18,1.801746,141
"1,855",female,20,1.787195,152
"1,856",female,26,1.644141,112
"1,857",female,26,1.643355,112
"1,858",female,26,1.623707,105
"1,859",female,26,1.610636,105
"1,860",female,26,1.629491,105
"1,861",female,25,1.684768,105
"1,862",female,26,1.66494,111
"1,863",female,26,1.655646,110
"1,864",female,19,1.666194,125
"1,865",female,21,1.707508,122
"1,866",female,22,1.754174,134
"1,867",female,21,1.714193,132
"1,868",female,26,1.62439,110
"1,869",female,26,1.638836,111
"1,870",female,26,1.621245,111
"1,871",female,26,1.623514,110
"1,872",female,21,1.736215,132
"1,873",female,22,1.732951,133
"1,874",female,24,1.69135,114
"1,875",female,24,1.635062,113
"1,876",female,18,1.746061,128
"1,877",female,20,1.746529,129
"1,878",female,21,1.746516,144
"1,879",female,21,1.751118,149
"1,880",female,19,1.741014,133
"1,881",female,22,1.748533,134
"1,882",female,24,1.694726,113
"1,883",female,26,1.674515,113
"1,884",female,26,1.631332,112
"1,885",female,26,1.641918,112
"1,886",female,26,1.640125,112
"1,887",female,26,1.649178,112
"1,888",female,26,1.603404,105
"1,889",female,26,1.644199,105
"1,890",female,26,1.628909,107
"1,891",female,26,1.628019,108
"1,892",female,21,1.71818,133
"1,893",female,21,1.708581,131
"1,894",female,23,1.724983,133
"1,895",female,23,1.739991,133
"1,896",female,26,1.568543,102
"1,897",female,26,1.579893,102
"1,898",female,20,1.782714,155
"1,899",female,19,1.793824,161
"1,900",female,26,1.659557,112
"1,901",female,26,1.65782,112
"1,902",female,26,1.684082,105
"1,903",female,25,1.68395,105
"1,904",female,19,1.716521,128
"1,905",female,20,1.680762,125
"1,906",female,26,1.623303,111
"1,907",female,26,1.631856,111
"1,908",female,22,1.747479,137
"1,909",female,21,1.782453,138
"1,910",female,22,1.809871,152
"1,911",female,22,1.803677,161
"1,912",female,18,1.745602,134
"1,913",female,20,1.751038,134
"1,914",female,26,1.631547,112
"1,915",female,26,1.635905,112
"1,916",female,26,1.616975,105
"1,917",female,26,1.62788,105
"1,918",female,22,1.76416,134
"1,919",female,21,1.763847,134
"1,920",female,26,1.608808,102
"1,921",female,26,1.610488,102
"1,922",female,26,1.621231,105
"1,923",female,26,1.642392,105
"1,924",female,19,1.801983,138
"1,925",female,22,1.787614,138
"1,926",female,20,1.801478,151
"1,927",female,18,1.807576,153
"1,928",female,26,1.650125,112
"1,929",female,26,1.652674,112
"1,930",female,26,1.663632,105
"1,931",female,26,1.627818,105
"1,932",female,26,1.66877,105
"1,933",female,26,1.642098,105
"1,934",female,26,1.65757,110
"1,935",female,26,1.643111,110
"1,936",female,21,1.675562,122
"1,937",female,23,1.661415,121
"1,938",female,21,1.713133,134
"1,939",female,21,1.7199,134
"1,940",female,26,1.622701,110
"1,941",female,26,1.622468,110
"1,942",female,26,1.618867,111
"1,943",female,26,1.600905,110
"1,944",female,21,1.730636,132
"1,945",female,21,1.729719,132
"1,946",female,23,1.677672,114
"1,947",female,24,1.637524,114
"1,948",female,21,1.738717,128
"1,949",female,21,1.741193,129
"1,950",female,20,1.792833,152
"1,951",female,20,1.810427,152
"1,952",female,19,1.743589,133
"1,953",female,20,1.747962,134
"1,954",female,24,1.71146,113
"1,955",female,25,1.685482,113
"1,956",female,26,1.639251,112
"1,957",female,26,1.654784,112
"1,958",female,26,1.641209,112
"1,959",female,26,1.643167,112
"1,960",female,26,1.63073,105
"1,961",female,26,1.649867,105
"1,962",female,26,1.613574,107
"1,963",female,26,1.627532,107
"1,964",female,21,1.726606,132
"1,965",female,21,1.721476,131
"1,966",female,24,1.742901,133
"1,967",female,24,1.737313,133
"1,968",female,26,1.62414,102
"1,969",female,26,1.644078,102
"1,970",female,26,1.592529,103
"1,971",female,26,1.607734,102
"1,972",female,19,1.817271,142
"1,973",female,18,1.808765,140
"1,974",female,20,1.817231,152
"1,975",female,18,1.819728,151
"1,976",female,26,1.656465,112
"1,977",female,26,1.648143,112
"1,978",female,26,1.622703,111
"1,979",female,26,1.640606,111
"1,980",female,25,1.683502,105
"1,981",female,26,1.669039,105
"1,982",female,25,1.673665,105
"1,983",female,26,1.668931,105
"1,984",female,21,1.700996,126
"1,985",female,21,1.734092,125
"1,986",female,21,1.708291,131
"1,987",female,21,1.716497,131
"1,988",female,26,1.62495,111
"1,989",female,26,1.594776,111
"1,990",female,26,1.626503,111
"1,991",female,26,1.624576,111
"1,992",female,22,1.729099,135
"1,993",female,22,1.73581,135
"1,994",female,21,1.748524,134
"1,995",female,21,1.748951,134
"1,996",female,20,1.777971,138
"1,997",female,21,1.73995,136
"1,998",female,20,1.816868,154
"1,999",female,21,1.8002,155
"2,000",female,21,1.74647,134
"2,001",female,19,1.759091,134
"2,002",female,21,1.752531,134
"2,003",female,21,1.761773,134
"2,004",female,26,1.633195,112
"2,005",female,26,1.633945,112
"2,006",female,26,1.641601,112
"2,007",female,26,1.641132,112
"2,008",female,26,1.638218,105
"2,009",female,26,1.627483,105
"2,010",female,26,1.610225,105
"2,011",female,26,1.61739,105
"2,012",female,23,1.744319,133
"2,013",female,23,1.755467,133
"2,014",female,19,1.746416,134
"2,015",female,19,1.746411,134
"2,016",female,26,1.611452,102
"2,017",female,26,1.596813,102
"2,018",female,26,1.610126,103
"2,019",female,26,1.623113,103
"2,020",female,26,1.618348,105
"2,021",female,26,1.609401,105
"2,022",female,26,1.621671,105
"2,023",female,26,1.614484,105
"2,024",female,19,1.789143,138
"2,025",female,20,1.774207,138
"2,026",female,21,1.792933,138
"2,027",female,22,1.758959,138
"2,028",female,18,1.807406,142
"2,029",female,19,1.75091,143
"2,030",female,20,1.805803,153
"2,031",female,21,1.796538,152
"2,032",female,26,1.634894,112
"2,033",female,26,1.639524,112
"2,034",female,26,1.643017,112
"2,035",female,26,1.641849,112
"2,036",female,26,1.621167,105
"2,037",female,26,1.638075,105
"2,038",female,26,1.60937,105
"2,039",female,26,1.608283,105
"2,040",female,26,1.629442,105
"2,041",female,26,1.629225,105
"2,042",female,25,1.680218,105
"2,043",female,25,1.686033,105
"2,044",female,26,1.662978,111
"2,045",female,26,1.675185,111
"2,046",female,26,1.62456,110
"2,047",female,26,1.626179,110
"2,048",female,19,1.682594,127
"2,049",female,19,1.669354,126
"2,050",female,21,1.68838,122
"2,051",female,21,1.694439,123
"2,052",female,22,1.755476,134
"2,053",female,22,1.748106,133
"2,054",female,21,1.719913,132
"2,055",female,21,1.723587,132
"2,056",female,26,1.623812,110
"2,057",female,26,1.624099,110
"2,058",female,26,1.632983,111
"2,059",female,26,1.640745,111
"2,060",female,26,1.629727,111
"2,061",female,26,1.624134,112
"2,062",female,26,1.623938,110
"2,063",female,26,1.593321,110
"2,064",female,21,1.730333,132
"2,065",female,21,1.721057,132
"2,066",female,22,1.71978,132
"2,067",female,22,1.699315,133
"2,068",female,24,1.681394,114
"2,069",female,24,1.697421,114
"2,070",female,24,1.650726,114
"2,071",female,25,1.667383,113
"2,072",female,19,1.746277,129
"2,073",female,18,1.735461,127
"2,074",female,20,1.747714,128
"2,075",female,20,1.71582,129
"2,076",female,21,1.747987,147
"2,077",female,20,1.817917,143
"2,078",female,19,1.80835,151
"2,079",female,21,1.739457,150
"2,080",female,19,1.742062,134
"2,081",female,18,1.741925,133
"2,082",female,22,1.751067,134
"2,083",female,22,1.749118,134
"2,084",female,24,1.663341,113
"2,085",female,25,1.668537,113
"2,086",female,26,1.668951,112
"2,087",female,26,1.661712,112
"2,088",female,26,1.633442,112
"2,089",female,26,1.63302,112
"2,090",female,26,1.633887,112
"2,091",female,26,1.643421,112
"2,092",female,26,1.640535,112
"2,093",female,26,1.626483,111
"2,094",female,26,1.64599,112
"2,095",female,26,1.643892,112
"2,096",female,26,1.617817,105
"2,097",female,26,1.626449,105
"2,098",female,26,1.62658,105
"2,099",female,26,1.606474,105
"2,100",female,26,1.628855,108
"2,101",female,26,1.628205,107
"2,102",female,26,1.62847,107
"2,103",female,26,1.627839,108
"2,104",female,21,1.724268,133
"2,105",female,22,1.732383,133
"2,106",female,21,1.72692,131
"2,107",female,21,1.71073,131
"2,108",female,22,1.748584,134
"2,109",female,23,1.752206,134
"2,110",female,24,1.73945,133
"2,111",female,24,1.738836,133
